{"cameraMode":{"drawMode":0,"name":"Shaded","section":"Shading Mode"},"sceneLighting":false,"audioPlay":false,"sceneViewState":{"showFog":true,"showMaterialUpdate":false,"showSkybox":false,"showFlares":true,"showImageEffects":true,"showParticleSystems":true},"in2DMode":false,"pivot":{"x":-3.1700000762939455,"y":1.0,"z":41.72999954223633},"rotation":{"x":0.14587581157684327,"y":-0.004452224355190992,"z":0.0006537082372233272,"w":0.9893034100532532},"size":2.8578836917877199,"orthographic":true}