{"cameraMode":{"drawMode":0,"name":"Shaded","section":"Shading Mode"},"sceneLighting":true,"audioPlay":false,"sceneViewState":{"showFog":true,"showMaterialUpdate":false,"showSkybox":true,"showFlares":true,"showImageEffects":true,"showParticleSystems":true},"in2DMode":false,"pivot":{"x":3.4402198791503908,"y":47.04964065551758,"z":9.199578285217286},"rotation":{"x":0.6667942404747009,"y":-1.0036559672244039e-7,"z":-3.300619511037439e-8,"w":0.7452431321144104},"size":37.821895599365237,"orthographic":true}